{"Train loss": 1.2729374170303345, "_step": 501, "_runtime": 69, "_timestamp": 1608810350, "Train accuracy": 0.42746, "Epoch": 1, "Validation loss": 1.3195516681671142, "Validation accuracy": 0.5207}