{"Train loss": 2.000152349472046, "_step": 791, "_runtime": 269, "_timestamp": 1609144365, "Train accuracy": 0.2157, "Epoch": 1, "Validation loss": 2.017710109949112, "Validation accuracy": 0.2531}