{"Train loss": 2.3798279762268066, "_step": 532, "_runtime": 190, "_timestamp": 1609144602, "Train accuracy": 0.09928, "Epoch": 1, "Validation loss": 2.322073850631714, "Validation accuracy": 0.1}