{"Train loss": 1.6087899208068848, "_step": 709, "_runtime": 192, "_timestamp": 1609144073, "Train accuracy": 0.3217, "Epoch": 1, "Validation loss": 1.656426112651825, "Validation accuracy": 0.38}