{"Train loss": 0.9244245886802673, "_step": 35731, "_runtime": 15114, "_timestamp": 1609143407, "Train accuracy": 0.66154, "Epoch": 51, "Validation loss": 1.1046669384558423, "Validation accuracy": 0.6138}