{"Train loss": 0.1630798727273941, "_step": 21063, "_runtime": 3421, "_timestamp": 1609080787, "Train accuracy": 0.8919, "Epoch": 42, "Validation loss": 0.5560916846990586, "Validation accuracy": 0.82}