{"Train loss": 0.23582637310028076, "_step": 28246, "_runtime": 3588, "_timestamp": 1608813968, "Train accuracy": 0.88368, "Epoch": 56, "Validation loss": 0.5976082915067673, "Validation accuracy": 0.8123}