{"Train loss": 0.2865805923938751, "_step": 29630, "_runtime": 6855, "_timestamp": 1609060380, "Train accuracy": 0.9111, "Epoch": 59, "Validation loss": 0.5788016477227211, "Validation accuracy": 0.8175}