{"Train loss": 1.2506108283996582, "_step": 501, "_runtime": 66, "_timestamp": 1608810167, "Train accuracy": 0.43104, "Epoch": 1, "Validation loss": 1.3140638720989228, "Validation accuracy": 0.5251}