{"Train loss": 0.34282153844833374, "_step": 17786, "_runtime": 8501, "_timestamp": 1609153397, "Train accuracy": 0.87522, "Epoch": 35, "Validation loss": 0.5107562544941903, "Validation accuracy": 0.8327}