{"Train loss": 0.31824102997779846, "_step": 17271, "_runtime": 8257, "_timestamp": 1609153153, "Train accuracy": 0.87334, "Epoch": 34, "Validation loss": 0.5107562544941903, "Validation accuracy": 0.8327}