{"Train loss": 0.34431400895118713, "_step": 17376, "_runtime": 8307, "_timestamp": 1609153203, "Train accuracy": 0.87334, "Epoch": 34, "Validation loss": 0.5107562544941903, "Validation accuracy": 0.8327}