{"Train loss": 1.2660633325576782, "_step": 997, "_runtime": 166, "_timestamp": 1608815776, "Train accuracy": 0.33908, "Epoch": 1, "Validation loss": 1.4548982691764831, "Validation accuracy": 0.4473}