{"Train loss": 1.2619930505752563, "_step": 1410, "_runtime": 232, "_timestamp": 1608815842, "Train accuracy": 0.50132, "Epoch": 2, "Validation loss": 1.4548982691764831, "Validation accuracy": 0.4473}