{"Train loss": 0.5111358165740967, "_step": 10644, "_runtime": 2495, "_timestamp": 1609063079, "Train accuracy": 0.83194, "Epoch": 21, "Validation loss": 0.7474457681179046, "Validation accuracy": 0.7662}